CodTie	Ann	TriTie	MesTie	NmeTie	DiasTie	NdsTie
2020-03-06	2020	1	3	Marzo	6	Viernes
2020-03-07	2020	1	3	Marzo	7	Sábado
2020-03-08	2020	1	3	Marzo	8	Domingo
2020-03-09	2020	1	3	Marzo	9	Lunes
2020-03-10	2020	1	3	Marzo	10	Martes
2020-03-11	2020	1	3	Marzo	11	Miércoles
2020-03-12	2020	1	3	Marzo	12	Jueves
2020-03-13	2020	1	3	Marzo	13	Viernes
2020-03-14	2020	1	3	Marzo	14	Sábado
2020-03-15	2020	1	3	Marzo	15	Domingo
2020-03-16	2020	1	3	Marzo	16	Lunes
2020-03-17	2020	1	3	Marzo	17	Martes
2020-03-18	2020	1	3	Marzo	18	Miércoles
2020-03-19	2020	1	3	Marzo	19	Jueves
2020-03-20	2020	1	3	Marzo	20	Viernes
2020-03-21	2020	1	3	Marzo	21	Sábado
2020-03-22	2020	1	3	Marzo	22	Domingo
2020-03-23	2020	1	3	Marzo	23	Lunes
2020-03-24	2020	1	3	Marzo	24	Martes
2020-03-25	2020	1	3	Marzo	25	Miércoles
2020-03-26	2020	1	3	Marzo	26	Jueves
2020-03-27	2020	1	3	Marzo	27	Viernes
2020-03-28	2020	1	3	Marzo	28	Sábado
2020-03-29	2020	1	3	Marzo	29	Domingo
2020-03-30	2020	1	3	Marzo	30	Lunes
2020-03-31	2020	1	3	Marzo	31	Martes
2020-04-01	2020	2	4	Abril	1	Miércoles
2020-04-02	2020	2	4	Abril	2	Jueves
2020-04-03	2020	2	4	Abril	3	Viernes
2020-04-04	2020	2	4	Abril	4	Sábado
2020-04-05	2020	2	4	Abril	5	Domingo
2020-04-06	2020	2	4	Abril	6	Lunes
2020-04-07	2020	2	4	Abril	7	Martes
2020-04-08	2020	2	4	Abril	8	Miércoles
2020-04-09	2020	2	4	Abril	9	Jueves
2020-04-10	2020	2	4	Abril	10	Viernes
2020-04-11	2020	2	4	Abril	11	Sábado
2020-04-12	2020	2	4	Abril	12	Domingo
2020-04-13	2020	2	4	Abril	13	Lunes
2020-04-14	2020	2	4	Abril	14	Martes
2020-04-15	2020	2	4	Abril	15	Miércoles
2020-04-16	2020	2	4	Abril	16	Jueves
2020-04-17	2020	2	4	Abril	17	Viernes
2020-04-18	2020	2	4	Abril	18	Sábado
2020-04-19	2020	2	4	Abril	19	Domingo
2020-04-20	2020	2	4	Abril	20	Lunes
2020-04-21	2020	2	4	Abril	21	Martes
2020-04-22	2020	2	4	Abril	22	Miércoles
2020-04-23	2020	2	4	Abril	23	Jueves
2020-04-24	2020	2	4	Abril	24	Viernes
2020-04-25	2020	2	4	Abril	25	Sábado
2020-04-26	2020	2	4	Abril	26	Domingo
2020-04-27	2020	2	4	Abril	27	Lunes
2020-04-28	2020	2	4	Abril	28	Martes
2020-04-29	2020	2	4	Abril	29	Miércoles
2020-04-30	2020	2	4	Abril	30	Jueves
2020-05-01	2020	2	5	Mayo	1	Viernes
2020-05-02	2020	2	5	Mayo	2	Sábado
2020-05-03	2020	2	5	Mayo	3	Domingo
2020-05-04	2020	2	5	Mayo	4	Lunes
2020-05-05	2020	2	5	Mayo	5	Martes
2020-05-06	2020	2	5	Mayo	6	Miércoles
2020-05-07	2020	2	5	Mayo	7	Jueves
2020-05-08	2020	2	5	Mayo	8	Viernes
2020-05-09	2020	2	5	Mayo	9	Sábado
2020-05-10	2020	2	5	Mayo	10	Domingo
2020-05-11	2020	2	5	Mayo	11	Lunes
2020-05-12	2020	2	5	Mayo	12	Martes
2020-05-13	2020	2	5	Mayo	13	Miércoles
2020-05-14	2020	2	5	Mayo	14	Jueves
2020-05-15	2020	2	5	Mayo	15	Viernes
2020-05-16	2020	2	5	Mayo	16	Sábado
2020-05-17	2020	2	5	Mayo	17	Domingo
2020-05-18	2020	2	5	Mayo	18	Lunes
2020-05-19	2020	2	5	Mayo	19	Martes
2020-05-20	2020	2	5	Mayo	20	Miércoles
2020-05-21	2020	2	5	Mayo	21	Jueves
2020-05-22	2020	2	5	Mayo	22	Viernes
2020-05-23	2020	2	5	Mayo	23	Sábado
2020-05-24	2020	2	5	Mayo	24	Domingo
2020-05-25	2020	2	5	Mayo	25	Lunes
2020-05-26	2020	2	5	Mayo	26	Martes
2020-05-27	2020	2	5	Mayo	27	Miércoles
2020-05-28	2020	2	5	Mayo	28	Jueves
2020-05-29	2020	2	5	Mayo	29	Viernes
2020-05-30	2020	2	5	Mayo	30	Sábado
2020-05-31	2020	2	5	Mayo	31	Domingo
2020-06-01	2020	2	6	Junio	1	Lunes
2020-06-02	2020	2	6	Junio	2	Martes
2020-06-03	2020	2	6	Junio	3	Miércoles
2020-06-04	2020	2	6	Junio	4	Jueves
2020-06-05	2020	2	6	Junio	5	Viernes
2020-06-06	2020	2	6	Junio	6	Sábado
2020-06-07	2020	2	6	Junio	7	Domingo
2020-06-08	2020	2	6	Junio	8	Lunes
2020-06-09	2020	2	6	Junio	9	Martes
2020-06-10	2020	2	6	Junio	10	Miércoles
2020-06-11	2020	2	6	Junio	11	Jueves
2020-06-12	2020	2	6	Junio	12	Viernes
2020-06-13	2020	2	6	Junio	13	Sábado
2020-06-14	2020	2	6	Junio	14	Domingo
2020-06-15	2020	2	6	Junio	15	Lunes
2020-06-16	2020	2	6	Junio	16	Martes
2020-06-17	2020	2	6	Junio	17	Miércoles
2020-06-18	2020	2	6	Junio	18	Jueves
2020-06-19	2020	2	6	Junio	19	Viernes
2020-06-20	2020	2	6	Junio	20	Sábado
2020-06-21	2020	2	6	Junio	21	Domingo
2020-06-22	2020	2	6	Junio	22	Lunes
2020-06-23	2020	2	6	Junio	23	Martes
2020-06-24	2020	2	6	Junio	24	Miércoles
2020-06-25	2020	2	6	Junio	25	Jueves
2020-06-26	2020	2	6	Junio	26	Viernes
2020-06-27	2020	2	6	Junio	27	Sábado
2020-06-28	2020	2	6	Junio	28	Domingo
2020-06-29	2020	2	6	Junio	29	Lunes
2020-06-30	2020	2	6	Junio	30	Martes
2020-07-01	2020	3	7	Julio	1	Miércoles
2020-07-02	2020	3	7	Julio	2	Jueves
2020-07-03	2020	3	7	Julio	3	Viernes
2020-07-04	2020	3	7	Julio	4	Sábado
2020-07-05	2020	3	7	Julio	5	Domingo
2020-07-06	2020	3	7	Julio	6	Lunes
2020-07-07	2020	3	7	Julio	7	Martes
2020-07-08	2020	3	7	Julio	8	Miércoles
2020-07-09	2020	3	7	Julio	9	Jueves
2020-07-10	2020	3	7	Julio	10	Viernes
2020-07-11	2020	3	7	Julio	11	Sábado
2020-07-12	2020	3	7	Julio	12	Domingo
2020-07-13	2020	3	7	Julio	13	Lunes
2020-07-14	2020	3	7	Julio	14	Martes
2020-07-15	2020	3	7	Julio	15	Miércoles
2020-07-16	2020	3	7	Julio	16	Jueves
2020-07-17	2020	3	7	Julio	17	Viernes
2020-07-18	2020	3	7	Julio	18	Sábado
2020-07-19	2020	3	7	Julio	19	Domingo
2020-07-20	2020	3	7	Julio	20	Lunes
2020-07-21	2020	3	7	Julio	21	Martes
2020-07-22	2020	3	7	Julio	22	Miércoles
2020-07-23	2020	3	7	Julio	23	Jueves
2020-07-24	2020	3	7	Julio	24	Viernes
2020-07-25	2020	3	7	Julio	25	Sábado
2020-07-26	2020	3	7	Julio	26	Domingo
2020-07-27	2020	3	7	Julio	27	Lunes
2020-07-28	2020	3	7	Julio	28	Martes
2020-07-29	2020	3	7	Julio	29	Miércoles
2020-07-30	2020	3	7	Julio	30	Jueves
2020-07-31	2020	3	7	Julio	31	Viernes
2020-08-01	2020	3	8	Agosto	1	Sábado
2020-08-02	2020	3	8	Agosto	2	Domingo
2020-08-03	2020	3	8	Agosto	3	Lunes
2020-08-04	2020	3	8	Agosto	4	Martes
2020-08-05	2020	3	8	Agosto	5	Miércoles
2020-08-06	2020	3	8	Agosto	6	Jueves
2020-08-07	2020	3	8	Agosto	7	Viernes
2020-08-08	2020	3	8	Agosto	8	Sábado
2020-08-09	2020	3	8	Agosto	9	Domingo
2020-08-10	2020	3	8	Agosto	10	Lunes
2020-08-11	2020	3	8	Agosto	11	Martes
2020-08-12	2020	3	8	Agosto	12	Miércoles
2020-08-13	2020	3	8	Agosto	13	Jueves
2020-08-14	2020	3	8	Agosto	14	Viernes
2020-08-15	2020	3	8	Agosto	15	Sábado
2020-08-16	2020	3	8	Agosto	16	Domingo
2020-08-17	2020	3	8	Agosto	17	Lunes
2020-08-18	2020	3	8	Agosto	18	Martes
2020-08-19	2020	3	8	Agosto	19	Miércoles
2020-08-20	2020	3	8	Agosto	20	Jueves
2020-08-21	2020	3	8	Agosto	21	Viernes
2020-08-22	2020	3	8	Agosto	22	Sábado
2020-08-23	2020	3	8	Agosto	23	Domingo
2020-08-24	2020	3	8	Agosto	24	Lunes
2020-08-25	2020	3	8	Agosto	25	Martes
2020-08-26	2020	3	8	Agosto	26	Miércoles
2020-08-27	2020	3	8	Agosto	27	Jueves
2020-08-28	2020	3	8	Agosto	28	Viernes
2020-08-29	2020	3	8	Agosto	29	Sábado
2020-08-30	2020	3	8	Agosto	30	Domingo
2020-08-31	2020	3	8	Agosto	31	Lunes
2020-09-01	2020	3	9	Septiembre	1	Martes
2020-09-02	2020	3	9	Septiembre	2	Miércoles
2020-09-03	2020	3	9	Septiembre	3	Jueves
2020-09-04	2020	3	9	Septiembre	4	Viernes
2020-09-05	2020	3	9	Septiembre	5	Sábado
2020-09-06	2020	3	9	Septiembre	6	Domingo
2020-09-07	2020	3	9	Septiembre	7	Lunes
2020-09-08	2020	3	9	Septiembre	8	Martes
2020-09-09	2020	3	9	Septiembre	9	Miércoles
2020-09-10	2020	3	9	Septiembre	10	Jueves
2020-09-11	2020	3	9	Septiembre	11	Viernes
2020-09-12	2020	3	9	Septiembre	12	Sábado
2020-09-13	2020	3	9	Septiembre	13	Domingo
2020-09-14	2020	3	9	Septiembre	14	Lunes
2020-09-15	2020	3	9	Septiembre	15	Martes
2020-09-16	2020	3	9	Septiembre	16	Miércoles
2020-09-17	2020	3	9	Septiembre	17	Jueves
2020-09-18	2020	3	9	Septiembre	18	Viernes
2020-09-19	2020	3	9	Septiembre	19	Sábado
2020-09-20	2020	3	9	Septiembre	20	Domingo
2020-09-21	2020	3	9	Septiembre	21	Lunes
2020-09-22	2020	3	9	Septiembre	22	Martes
2020-09-23	2020	3	9	Septiembre	23	Miércoles
2020-09-24	2020	3	9	Septiembre	24	Jueves
2020-09-25	2020	3	9	Septiembre	25	Viernes
2020-09-26	2020	3	9	Septiembre	26	Sábado
2020-09-27	2020	3	9	Septiembre	27	Domingo
2020-09-28	2020	3	9	Septiembre	28	Lunes
2020-09-29	2020	3	9	Septiembre	29	Martes
2020-09-30	2020	3	9	Septiembre	30	Miércoles
2020-10-01	2020	4	10	Octubre	1	Jueves
2020-10-02	2020	4	10	Octubre	2	Viernes
2020-10-03	2020	4	10	Octubre	3	Sábado
2020-10-04	2020	4	10	Octubre	4	Domingo
2020-10-05	2020	4	10	Octubre	5	Lunes
2020-10-06	2020	4	10	Octubre	6	Martes
2020-10-07	2020	4	10	Octubre	7	Miércoles
2020-10-08	2020	4	10	Octubre	8	Jueves
2020-10-09	2020	4	10	Octubre	9	Viernes
2020-10-10	2020	4	10	Octubre	10	Sábado
2020-10-11	2020	4	10	Octubre	11	Domingo
2020-10-12	2020	4	10	Octubre	12	Lunes
2020-10-13	2020	4	10	Octubre	13	Martes
2020-10-14	2020	4	10	Octubre	14	Miércoles
2020-10-15	2020	4	10	Octubre	15	Jueves
2020-10-16	2020	4	10	Octubre	16	Viernes
2020-10-17	2020	4	10	Octubre	17	Sábado
2020-10-18	2020	4	10	Octubre	18	Domingo
2020-10-19	2020	4	10	Octubre	19	Lunes
2020-10-20	2020	4	10	Octubre	20	Martes
2020-10-21	2020	4	10	Octubre	21	Miércoles
2020-10-22	2020	4	10	Octubre	22	Jueves
2020-10-23	2020	4	10	Octubre	23	Viernes
2020-10-24	2020	4	10	Octubre	24	Sábado
2020-10-25	2020	4	10	Octubre	25	Domingo
2020-10-26	2020	4	10	Octubre	26	Lunes
2020-10-27	2020	4	10	Octubre	27	Martes
2020-10-28	2020	4	10	Octubre	28	Miércoles
2020-10-29	2020	4	10	Octubre	29	Jueves
2020-10-30	2020	4	10	Octubre	30	Viernes
2020-10-31	2020	4	10	Octubre	31	Sábado
2020-11-01	2020	4	11	Noviembre	1	Domingo
2020-11-02	2020	4	11	Noviembre	2	Lunes
2020-11-03	2020	4	11	Noviembre	3	Martes
2020-11-04	2020	4	11	Noviembre	4	Miércoles
2020-11-05	2020	4	11	Noviembre	5	Jueves
2020-11-07	2020	4	11	Noviembre	7	Sábado
2020-11-08	2020	4	11	Noviembre	8	Domingo
2020-11-09	2020	4	11	Noviembre	9	Lunes
2020-11-10	2020	4	11	Noviembre	10	Martes
2020-11-11	2020	4	11	Noviembre	11	Miércoles
2020-11-12	2020	4	11	Noviembre	12	Jueves
2020-11-13	2020	4	11	Noviembre	13	Viernes
2020-11-14	2020	4	11	Noviembre	14	Sábado
2020-11-15	2020	4	11	Noviembre	15	Domingo
2020-11-16	2020	4	11	Noviembre	16	Lunes
2020-11-17	2020	4	11	Noviembre	17	Martes
2020-11-18	2020	4	11	Noviembre	18	Miércoles
2020-11-19	2020	4	11	Noviembre	19	Jueves
2020-11-20	2020	4	11	Noviembre	20	Viernes
2020-11-21	2020	4	11	Noviembre	21	Sábado
2020-11-22	2020	4	11	Noviembre	22	Domingo
2020-11-23	2020	4	11	Noviembre	23	Lunes
2020-11-24	2020	4	11	Noviembre	24	Martes
2020-11-25	2020	4	11	Noviembre	25	Miércoles
2020-11-26	2020	4	11	Noviembre	26	Jueves
2020-11-27	2020	4	11	Noviembre	27	Viernes
2020-11-28	2020	4	11	Noviembre	28	Sábado
2020-11-29	2020	4	11	Noviembre	29	Domingo
2020-11-30	2020	4	11	Noviembre	30	Lunes
2020-12-01	2020	4	12	Diciembre	1	Martes
2020-12-02	2020	4	12	Diciembre	2	Miércoles
2020-12-03	2020	4	12	Diciembre	3	Jueves
2020-12-04	2020	4	12	Diciembre	4	Viernes
2020-12-05	2020	4	12	Diciembre	5	Sábado
2020-12-07	2020	4	12	Diciembre	7	Lunes
2020-12-08	2020	4	12	Diciembre	8	Martes
2020-12-09	2020	4	12	Diciembre	9	Miércoles
2020-12-10	2020	4	12	Diciembre	10	Jueves
2020-12-11	2020	4	12	Diciembre	11	Viernes
2020-12-12	2020	4	12	Diciembre	12	Sábado
2020-12-13	2020	4	12	Diciembre	13	Domingo
2020-12-14	2020	4	12	Diciembre	14	Lunes
2020-12-15	2020	4	12	Diciembre	15	Martes
2020-12-16	2020	4	12	Diciembre	16	Miércoles
2020-12-17	2020	4	12	Diciembre	17	Jueves
2020-12-18	2020	4	12	Diciembre	18	Viernes
2020-12-19	2020	4	12	Diciembre	19	Sábado
2020-12-20	2020	4	12	Diciembre	20	Domingo
2020-12-21	2020	4	12	Diciembre	21	Lunes
2020-12-22	2020	4	12	Diciembre	22	Martes
2020-12-23	2020	4	12	Diciembre	23	Miércoles
2020-12-24	2020	4	12	Diciembre	24	Jueves
2020-12-25	2020	4	12	Diciembre	25	Viernes
2020-12-26	2020	4	12	Diciembre	26	Sábado
2020-12-27	2020	4	12	Diciembre	27	Domingo
2020-12-28	2020	4	12	Diciembre	28	Lunes
2020-12-29	2020	4	12	Diciembre	29	Martes
2020-12-30	2020	4	12	Diciembre	30	Miércoles
2020-12-31	2020	4	12	Diciembre	31	Jueves
2021-01-01	2021	1	1	Enero	1	Viernes
2021-01-02	2021	1	1	Enero	2	Sábado
2021-01-03	2021	1	1	Enero	3	Domingo
2021-01-04	2021	1	1	Enero	4	Lunes
2021-01-05	2021	1	1	Enero	5	Martes
2021-01-06	2021	1	1	Enero	6	Miércoles
2021-01-07	2021	1	1	Enero	7	Jueves
2021-01-08	2021	1	1	Enero	8	Viernes
2021-01-09	2021	1	1	Enero	9	Sábado
2021-01-10	2021	1	1	Enero	10	Domingo
2021-01-11	2021	1	1	Enero	11	Lunes
2021-01-12	2021	1	1	Enero	12	Martes
2021-01-13	2021	1	1	Enero	13	Miércoles
2021-01-14	2021	1	1	Enero	14	Jueves
2021-01-15	2021	1	1	Enero	15	Viernes
2021-01-16	2021	1	1	Enero	16	Sábado
2021-01-17	2021	1	1	Enero	17	Domingo
2021-01-18	2021	1	1	Enero	18	Lunes
2021-01-19	2021	1	1	Enero	19	Martes
2021-01-20	2021	1	1	Enero	20	Miércoles
2021-01-21	2021	1	1	Enero	21	Jueves
2021-01-22	2021	1	1	Enero	22	Viernes
2021-01-23	2021	1	1	Enero	23	Sábado
2021-01-24	2021	1	1	Enero	24	Domingo
2021-01-25	2021	1	1	Enero	25	Lunes
2021-01-26	2021	1	1	Enero	26	Martes
2021-01-27	2021	1	1	Enero	27	Miércoles
2021-01-28	2021	1	1	Enero	28	Jueves
2021-01-29	2021	1	1	Enero	29	Viernes
2021-01-30	2021	1	1	Enero	30	Sábado
2021-01-31	2021	1	1	Enero	31	Domingo
2021-02-01	2021	1	2	Febrero	1	Lunes
2021-02-02	2021	1	2	Febrero	2	Martes
2021-02-03	2021	1	2	Febrero	3	Miércoles
2021-02-04	2021	1	2	Febrero	4	Jueves
2021-02-05	2021	1	2	Febrero	5	Viernes
2021-02-06	2021	1	2	Febrero	6	Sábado
2021-02-07	2021	1	2	Febrero	7	Domingo
2021-02-08	2021	1	2	Febrero	8	Lunes
2021-02-09	2021	1	2	Febrero	9	Martes
2021-02-10	2021	1	2	Febrero	10	Miércoles
2021-02-11	2021	1	2	Febrero	11	Jueves
2021-02-12	2021	1	2	Febrero	12	Viernes
2021-02-13	2021	1	2	Febrero	13	Sábado
2021-02-14	2021	1	2	Febrero	14	Domingo
2021-02-15	2021	1	2	Febrero	15	Lunes
2021-02-16	2021	1	2	Febrero	16	Martes
2021-02-17	2021	1	2	Febrero	17	Miércoles
2021-02-18	2021	1	2	Febrero	18	Jueves
2021-02-19	2021	1	2	Febrero	19	Viernes
2021-02-20	2021	1	2	Febrero	20	Sábado
2021-02-21	2021	1	2	Febrero	21	Domingo
2021-02-22	2021	1	2	Febrero	22	Lunes
2021-02-23	2021	1	2	Febrero	23	Martes
2021-02-24	2021	1	2	Febrero	24	Miércoles
2021-02-25	2021	1	2	Febrero	25	Jueves
2021-02-26	2021	1	2	Febrero	26	Viernes
2021-02-27	2021	1	2	Febrero	27	Sábado
2021-02-28	2021	1	2	Febrero	28	Domingo
2021-03-01	2021	1	3	Marzo	1	Lunes
2021-03-02	2021	1	3	Marzo	2	Martes
2021-03-03	2021	1	3	Marzo	3	Miércoles
2021-03-04	2021	1	3	Marzo	4	Jueves
2021-03-05	2021	1	3	Marzo	5	Viernes
2021-03-06	2021	1	3	Marzo	6	Sábado
2021-03-07	2021	1	3	Marzo	7	Domingo
2021-03-08	2021	1	3	Marzo	8	Lunes
2021-03-09	2021	1	3	Marzo	9	Martes
2021-03-10	2021	1	3	Marzo	10	Miércoles
2021-03-11	2021	1	3	Marzo	11	Jueves
2021-03-12	2021	1	3	Marzo	12	Viernes
2021-03-13	2021	1	3	Marzo	13	Sábado
2021-03-14	2021	1	3	Marzo	14	Domingo
2021-03-15	2021	1	3	Marzo	15	Lunes
2021-03-16	2021	1	3	Marzo	16	Martes
2021-03-17	2021	1	3	Marzo	17	Miércoles
2021-03-18	2021	1	3	Marzo	18	Jueves
2021-03-19	2021	1	3	Marzo	19	Viernes
2021-03-20	2021	1	3	Marzo	20	Sábado
2021-03-21	2021	1	3	Marzo	21	Domingo
2021-03-22	2021	1	3	Marzo	22	Lunes
2021-03-23	2021	1	3	Marzo	23	Martes
2021-03-24	2021	1	3	Marzo	24	Miércoles
2021-03-25	2021	1	3	Marzo	25	Jueves
2021-03-26	2021	1	3	Marzo	26	Viernes
2021-03-27	2021	1	3	Marzo	27	Sábado
2021-03-28	2021	1	3	Marzo	28	Domingo
2021-03-29	2021	1	3	Marzo	29	Lunes
2021-03-30	2021	1	3	Marzo	30	Martes
2021-03-31	2021	1	3	Marzo	31	Miércoles
2021-04-01	2021	2	4	Abril	1	Jueves
2021-04-02	2021	2	4	Abril	2	Viernes
2021-04-03	2021	2	4	Abril	3	Sábado
2021-04-04	2021	2	4	Abril	4	Domingo
2021-04-05	2021	2	4	Abril	5	Lunes
2021-04-06	2021	2	4	Abril	6	Martes
2021-04-07	2021	2	4	Abril	7	Miércoles
2021-04-08	2021	2	4	Abril	8	Jueves
2021-04-09	2021	2	4	Abril	9	Viernes
2021-04-10	2021	2	4	Abril	10	Sábado
2021-04-11	2021	2	4	Abril	11	Domingo
2021-04-12	2021	2	4	Abril	12	Lunes
2021-04-13	2021	2	4	Abril	13	Martes
2021-04-14	2021	2	4	Abril	14	Miércoles
2021-04-15	2021	2	4	Abril	15	Jueves
2021-04-16	2021	2	4	Abril	16	Viernes
2021-04-17	2021	2	4	Abril	17	Sábado
2021-04-18	2021	2	4	Abril	18	Domingo
2021-04-19	2021	2	4	Abril	19	Lunes
2021-04-20	2021	2	4	Abril	20	Martes
2021-04-21	2021	2	4	Abril	21	Miércoles
2021-04-22	2021	2	4	Abril	22	Jueves
2021-04-23	2021	2	4	Abril	23	Viernes
2021-04-24	2021	2	4	Abril	24	Sábado
2021-04-25	2021	2	4	Abril	25	Domingo
2021-04-26	2021	2	4	Abril	26	Lunes
2021-04-27	2021	2	4	Abril	27	Martes
2021-04-28	2021	2	4	Abril	28	Miércoles
2021-04-29	2021	2	4	Abril	29	Jueves
2021-04-30	2021	2	4	Abril	30	Viernes
2021-05-01	2021	2	5	Mayo	1	Sábado
2021-05-02	2021	2	5	Mayo	2	Domingo
2021-05-03	2021	2	5	Mayo	3	Lunes
2021-05-04	2021	2	5	Mayo	4	Martes
2021-05-05	2021	2	5	Mayo	5	Miércoles
2021-05-06	2021	2	5	Mayo	6	Jueves
2021-05-07	2021	2	5	Mayo	7	Viernes
2021-05-08	2021	2	5	Mayo	8	Sábado
2021-05-09	2021	2	5	Mayo	9	Domingo
2021-05-10	2021	2	5	Mayo	10	Lunes
2021-05-11	2021	2	5	Mayo	11	Martes
2021-05-12	2021	2	5	Mayo	12	Miércoles
2021-05-13	2021	2	5	Mayo	13	Jueves
2021-05-14	2021	2	5	Mayo	14	Viernes
2021-05-15	2021	2	5	Mayo	15	Sábado
2021-05-16	2021	2	5	Mayo	16	Domingo
2021-05-17	2021	2	5	Mayo	17	Lunes
2021-05-18	2021	2	5	Mayo	18	Martes
2021-05-19	2021	2	5	Mayo	19	Miércoles
2021-05-20	2021	2	5	Mayo	20	Jueves
2021-05-21	2021	2	5	Mayo	21	Viernes
2021-05-22	2021	2	5	Mayo	22	Sábado
2021-05-23	2021	2	5	Mayo	23	Domingo
2021-05-24	2021	2	5	Mayo	24	Lunes
2021-05-25	2021	2	5	Mayo	25	Martes
2021-05-26	2021	2	5	Mayo	26	Miércoles
2021-05-27	2021	2	5	Mayo	27	Jueves
2021-05-28	2021	2	5	Mayo	28	Viernes
2021-05-29	2021	2	5	Mayo	29	Sábado
2021-05-30	2021	2	5	Mayo	30	Domingo
2021-05-31	2021	2	5	Mayo	31	Lunes
2021-06-01	2021	2	6	Junio	1	Martes
2021-06-02	2021	2	6	Junio	2	Miércoles
2021-06-03	2021	2	6	Junio	3	Jueves
2021-06-04	2021	2	6	Junio	4	Viernes
2021-06-05	2021	2	6	Junio	5	Sábado
2021-06-06	2021	2	6	Junio	6	Domingo
2021-06-07	2021	2	6	Junio	7	Lunes
2021-06-08	2021	2	6	Junio	8	Martes
2021-06-09	2021	2	6	Junio	9	Miércoles
2021-06-10	2021	2	6	Junio	10	Jueves
2021-06-11	2021	2	6	Junio	11	Viernes
2021-06-12	2021	2	6	Junio	12	Sábado
2021-06-13	2021	2	6	Junio	13	Domingo
2021-06-14	2021	2	6	Junio	14	Lunes
2021-06-15	2021	2	6	Junio	15	Martes
2021-06-16	2021	2	6	Junio	16	Miércoles
2021-06-17	2021	2	6	Junio	17	Jueves
2021-06-18	2021	2	6	Junio	18	Viernes
2021-06-19	2021	2	6	Junio	19	Sábado
2021-06-20	2021	2	6	Junio	20	Domingo
2021-06-21	2021	2	6	Junio	21	Lunes
2021-06-22	2021	2	6	Junio	22	Martes
2021-06-23	2021	2	6	Junio	23	Miércoles
2021-06-24	2021	2	6	Junio	24	Jueves
2021-06-25	2021	2	6	Junio	25	Viernes
2021-06-26	2021	2	6	Junio	26	Sábado
2021-06-27	2021	2	6	Junio	27	Domingo
2021-06-28	2021	2	6	Junio	28	Lunes
2021-06-29	2021	2	6	Junio	29	Martes
2021-06-30	2021	2	6	Junio	30	Miércoles
2021-07-01	2021	3	7	Julio	1	Jueves
2021-07-02	2021	3	7	Julio	2	Viernes
2021-07-03	2021	3	7	Julio	3	Sábado
2021-07-04	2021	3	7	Julio	4	Domingo
2021-07-05	2021	3	7	Julio	5	Lunes
2021-07-06	2021	3	7	Julio	6	Martes
2021-07-07	2021	3	7	Julio	7	Miércoles
2021-07-08	2021	3	7	Julio	8	Jueves
2021-07-09	2021	3	7	Julio	9	Viernes
2021-07-10	2021	3	7	Julio	10	Sábado
2021-07-11	2021	3	7	Julio	11	Domingo
2021-07-12	2021	3	7	Julio	12	Lunes
2021-07-13	2021	3	7	Julio	13	Martes
2021-07-14	2021	3	7	Julio	14	Miércoles
2021-07-15	2021	3	7	Julio	15	Jueves
2021-07-16	2021	3	7	Julio	16	Viernes
2021-07-17	2021	3	7	Julio	17	Sábado
2021-07-18	2021	3	7	Julio	18	Domingo
2021-07-19	2021	3	7	Julio	19	Lunes
2021-07-20	2021	3	7	Julio	20	Martes
2021-07-21	2021	3	7	Julio	21	Miércoles
2021-07-22	2021	3	7	Julio	22	Jueves
2021-07-23	2021	3	7	Julio	23	Viernes
2021-07-24	2021	3	7	Julio	24	Sábado
2021-07-25	2021	3	7	Julio	25	Domingo
2021-07-26	2021	3	7	Julio	26	Lunes
2021-07-27	2021	3	7	Julio	27	Martes
2021-07-28	2021	3	7	Julio	28	Miércoles
2021-07-29	2021	3	7	Julio	29	Jueves
2021-07-30	2021	3	7	Julio	30	Viernes
2021-07-31	2021	3	7	Julio	31	Sábado
2021-08-01	2021	3	8	Agosto	1	Domingo
2021-08-02	2021	3	8	Agosto	2	Lunes
2021-08-03	2021	3	8	Agosto	3	Martes
2021-08-04	2021	3	8	Agosto	4	Miércoles
2021-08-05	2021	3	8	Agosto	5	Jueves
2021-08-06	2021	3	8	Agosto	6	Viernes
2021-08-07	2021	3	8	Agosto	7	Sábado
2021-08-08	2021	3	8	Agosto	8	Domingo
2021-08-09	2021	3	8	Agosto	9	Lunes
2021-08-10	2021	3	8	Agosto	10	Martes
2021-08-11	2021	3	8	Agosto	11	Miércoles
2021-08-12	2021	3	8	Agosto	12	Jueves
2021-08-13	2021	3	8	Agosto	13	Viernes
2021-08-14	2021	3	8	Agosto	14	Sábado
2021-08-15	2021	3	8	Agosto	15	Domingo
2021-08-16	2021	3	8	Agosto	16	Lunes
2021-08-17	2021	3	8	Agosto	17	Martes
2021-08-18	2021	3	8	Agosto	18	Miércoles
2021-08-19	2021	3	8	Agosto	19	Jueves
2021-08-20	2021	3	8	Agosto	20	Viernes
2021-08-21	2021	3	8	Agosto	21	Sábado
2021-08-22	2021	3	8	Agosto	22	Domingo
2021-08-23	2021	3	8	Agosto	23	Lunes
2021-08-24	2021	3	8	Agosto	24	Martes
2021-08-25	2021	3	8	Agosto	25	Miércoles
2021-08-26	2021	3	8	Agosto	26	Jueves
2021-08-27	2021	3	8	Agosto	27	Viernes
2021-08-28	2021	3	8	Agosto	28	Sábado
2021-08-29	2021	3	8	Agosto	29	Domingo
2021-08-30	2021	3	8	Agosto	30	Lunes
2021-08-31	2021	3	8	Agosto	31	Martes
2021-09-01	2021	3	9	Septiembre	1	Miércoles
2021-09-02	2021	3	9	Septiembre	2	Jueves
2021-09-03	2021	3	9	Septiembre	3	Viernes
2021-09-04	2021	3	9	Septiembre	4	Sábado
2021-09-05	2021	3	9	Septiembre	5	Domingo
2021-09-06	2021	3	9	Septiembre	6	Lunes
2021-09-07	2021	3	9	Septiembre	7	Martes
2021-09-08	2021	3	9	Septiembre	8	Miércoles
2021-09-09	2021	3	9	Septiembre	9	Jueves
2021-09-10	2021	3	9	Septiembre	10	Viernes
2021-09-11	2021	3	9	Septiembre	11	Sábado
2021-09-12	2021	3	9	Septiembre	12	Domingo
2021-09-13	2021	3	9	Septiembre	13	Lunes
2021-09-14	2021	3	9	Septiembre	14	Martes
2021-09-15	2021	3	9	Septiembre	15	Miércoles
2021-09-16	2021	3	9	Septiembre	16	Jueves
2021-09-17	2021	3	9	Septiembre	17	Viernes
2021-09-18	2021	3	9	Septiembre	18	Sábado
2021-09-19	2021	3	9	Septiembre	19	Domingo
2021-09-20	2021	3	9	Septiembre	20	Lunes
2021-09-21	2021	3	9	Septiembre	21	Martes
2021-09-22	2021	3	9	Septiembre	22	Miércoles
2021-09-23	2021	3	9	Septiembre	23	Jueves
2021-09-24	2021	3	9	Septiembre	24	Viernes
2021-09-25	2021	3	9	Septiembre	25	Sábado
2021-09-26	2021	3	9	Septiembre	26	Domingo
2021-09-27	2021	3	9	Septiembre	27	Lunes
2021-09-28	2021	3	9	Septiembre	28	Martes
2021-09-29	2021	3	9	Septiembre	29	Miércoles
2021-09-30	2021	3	9	Septiembre	30	Jueves
2021-10-01	2021	4	10	Octubre	1	Viernes
2021-10-02	2021	4	10	Octubre	2	Sábado
2021-10-03	2021	4	10	Octubre	3	Domingo
2021-10-04	2021	4	10	Octubre	4	Lunes
2021-10-05	2021	4	10	Octubre	5	Martes
2021-10-06	2021	4	10	Octubre	6	Miércoles
2021-10-07	2021	4	10	Octubre	7	Jueves
2021-10-08	2021	4	10	Octubre	8	Viernes
2021-10-09	2021	4	10	Octubre	9	Sábado
2021-10-10	2021	4	10	Octubre	10	Domingo
2021-10-11	2021	4	10	Octubre	11	Lunes
2021-10-12	2021	4	10	Octubre	12	Martes
2021-10-13	2021	4	10	Octubre	13	Miércoles
2021-10-14	2021	4	10	Octubre	14	Jueves
2021-10-15	2021	4	10	Octubre	15	Viernes
2021-10-16	2021	4	10	Octubre	16	Sábado
2021-10-17	2021	4	10	Octubre	17	Domingo
2021-10-18	2021	4	10	Octubre	18	Lunes
2021-10-19	2021	4	10	Octubre	19	Martes
2021-10-20	2021	4	10	Octubre	20	Miércoles
2021-10-21	2021	4	10	Octubre	21	Jueves
2021-10-22	2021	4	10	Octubre	22	Viernes
2021-10-23	2021	4	10	Octubre	23	Sábado
2021-10-24	2021	4	10	Octubre	24	Domingo
2021-10-25	2021	4	10	Octubre	25	Lunes
2021-10-26	2021	4	10	Octubre	26	Martes
2021-10-27	2021	4	10	Octubre	27	Miércoles
2021-10-28	2021	4	10	Octubre	28	Jueves
2021-10-29	2021	4	10	Octubre	29	Viernes
2021-10-30	2021	4	10	Octubre	30	Sábado
2021-10-31	2021	4	10	Octubre	31	Domingo
2021-11-01	2021	4	11	Noviembre	1	Lunes
2021-11-02	2021	4	11	Noviembre	2	Martes
2021-11-03	2021	4	11	Noviembre	3	Miércoles
2021-11-04	2021	4	11	Noviembre	4	Jueves
2021-11-05	2021	4	11	Noviembre	5	Viernes
2021-11-06	2021	4	11	Noviembre	6	Sábado
2021-11-07	2021	4	11	Noviembre	7	Domingo
2021-11-08	2021	4	11	Noviembre	8	Lunes
2021-11-09	2021	4	11	Noviembre	9	Martes
2021-11-10	2021	4	11	Noviembre	10	Miércoles
2021-11-11	2021	4	11	Noviembre	11	Jueves
2021-11-12	2021	4	11	Noviembre	12	Viernes
2021-11-13	2021	4	11	Noviembre	13	Sábado
2021-11-14	2021	4	11	Noviembre	14	Domingo
2021-11-15	2021	4	11	Noviembre	15	Lunes
2021-11-16	2021	4	11	Noviembre	16	Martes
2021-11-17	2021	4	11	Noviembre	17	Miércoles
2021-11-18	2021	4	11	Noviembre	18	Jueves
2021-11-19	2021	4	11	Noviembre	19	Viernes
2021-11-20	2021	4	11	Noviembre	20	Sábado
2021-11-21	2021	4	11	Noviembre	21	Domingo
2021-11-22	2021	4	11	Noviembre	22	Lunes
2021-11-23	2021	4	11	Noviembre	23	Martes
2021-11-24	2021	4	11	Noviembre	24	Miércoles
2021-11-25	2021	4	11	Noviembre	25	Jueves
2021-11-26	2021	4	11	Noviembre	26	Viernes
2021-11-27	2021	4	11	Noviembre	27	Sábado
2021-11-28	2021	4	11	Noviembre	28	Domingo
2021-11-29	2021	4	11	Noviembre	29	Lunes
2021-11-30	2021	4	11	Noviembre	30	Martes
2021-12-01	2021	4	12	Diciembre	1	Miércoles
2021-12-02	2021	4	12	Diciembre	2	Jueves
2021-12-03	2021	4	12	Diciembre	3	Viernes
2021-12-04	2021	4	12	Diciembre	4	Sábado
2021-12-05	2021	4	12	Diciembre	5	Domingo
2021-12-06	2021	4	12	Diciembre	6	Lunes
2021-12-07	2021	4	12	Diciembre	7	Martes
2021-12-08	2021	4	12	Diciembre	8	Miércoles
2021-12-09	2021	4	12	Diciembre	9	Jueves
2021-12-10	2021	4	12	Diciembre	10	Viernes
2021-12-11	2021	4	12	Diciembre	11	Sábado
2021-12-12	2021	4	12	Diciembre	12	Domingo
2021-12-13	2021	4	12	Diciembre	13	Lunes
2021-12-14	2021	4	12	Diciembre	14	Martes
2021-12-15	2021	4	12	Diciembre	15	Miércoles
2021-12-16	2021	4	12	Diciembre	16	Jueves
2021-12-17	2021	4	12	Diciembre	17	Viernes
2021-12-18	2021	4	12	Diciembre	18	Sábado
2021-12-19	2021	4	12	Diciembre	19	Domingo
2021-12-20	2021	4	12	Diciembre	20	Lunes
2021-12-21	2021	4	12	Diciembre	21	Martes
2021-12-22	2021	4	12	Diciembre	22	Miércoles
2021-12-23	2021	4	12	Diciembre	23	Jueves
2021-12-24	2021	4	12	Diciembre	24	Viernes
2021-12-25	2021	4	12	Diciembre	25	Sábado
2021-12-26	2021	4	12	Diciembre	26	Domingo
2021-12-27	2021	4	12	Diciembre	27	Lunes
2021-12-28	2021	4	12	Diciembre	28	Martes
2021-12-29	2021	4	12	Diciembre	29	Miércoles
2021-12-30	2021	4	12	Diciembre	30	Jueves
2021-12-31	2021	4	12	Diciembre	31	Viernes
2022-01-01	2022	1	1	Enero	1	Sábado
2022-01-02	2022	1	1	Enero	2	Domingo
2022-01-03	2022	1	1	Enero	3	Lunes
2022-01-04	2022	1	1	Enero	4	Martes
2022-01-05	2022	1	1	Enero	5	Miércoles
2022-01-06	2022	1	1	Enero	6	Jueves
2022-01-07	2022	1	1	Enero	7	Viernes
2022-01-08	2022	1	1	Enero	8	Sábado
2022-01-09	2022	1	1	Enero	9	Domingo
2022-01-10	2022	1	1	Enero	10	Lunes
2022-01-11	2022	1	1	Enero	11	Martes
2022-01-12	2022	1	1	Enero	12	Miércoles
2022-01-13	2022	1	1	Enero	13	Jueves
2022-01-14	2022	1	1	Enero	14	Viernes
2022-01-15	2022	1	1	Enero	15	Sábado
2022-01-16	2022	1	1	Enero	16	Domingo
2022-01-17	2022	1	1	Enero	17	Lunes
2022-01-18	2022	1	1	Enero	18	Martes
2022-01-19	2022	1	1	Enero	19	Miércoles
2022-01-20	2022	1	1	Enero	20	Jueves
2022-01-21	2022	1	1	Enero	21	Viernes
2022-01-22	2022	1	1	Enero	22	Sábado
2022-01-23	2022	1	1	Enero	23	Domingo
2022-01-24	2022	1	1	Enero	24	Lunes
2022-01-25	2022	1	1	Enero	25	Martes
2022-01-26	2022	1	1	Enero	26	Miércoles
2022-01-27	2022	1	1	Enero	27	Jueves
2022-01-28	2022	1	1	Enero	28	Viernes
2022-01-29	2022	1	1	Enero	29	Sábado
2022-01-30	2022	1	1	Enero	30	Domingo
2022-01-31	2022	1	1	Enero	31	Lunes
2022-02-01	2022	1	2	Febrero	1	Martes
2022-02-02	2022	1	2	Febrero	2	Miércoles
2022-02-03	2022	1	2	Febrero	3	Jueves
2022-02-04	2022	1	2	Febrero	4	Viernes
2022-02-05	2022	1	2	Febrero	5	Sábado
2022-02-06	2022	1	2	Febrero	6	Domingo
2022-02-07	2022	1	2	Febrero	7	Lunes
2022-02-08	2022	1	2	Febrero	8	Martes
2022-02-09	2022	1	2	Febrero	9	Miércoles
2022-02-10	2022	1	2	Febrero	10	Jueves
2022-02-11	2022	1	2	Febrero	11	Viernes
2022-02-12	2022	1	2	Febrero	12	Sábado
2022-02-13	2022	1	2	Febrero	13	Domingo
2022-02-14	2022	1	2	Febrero	14	Lunes
2022-02-15	2022	1	2	Febrero	15	Martes
2022-02-16	2022	1	2	Febrero	16	Miércoles
2022-02-17	2022	1	2	Febrero	17	Jueves
2022-02-18	2022	1	2	Febrero	18	Viernes
2022-02-19	2022	1	2	Febrero	19	Sábado
2022-02-20	2022	1	2	Febrero	20	Domingo
2022-02-21	2022	1	2	Febrero	21	Lunes
2022-02-22	2022	1	2	Febrero	22	Martes
2022-02-23	2022	1	2	Febrero	23	Miércoles
2022-02-24	2022	1	2	Febrero	24	Jueves
2022-02-25	2022	1	2	Febrero	25	Viernes
2022-02-26	2022	1	2	Febrero	26	Sábado
2022-02-27	2022	1	2	Febrero	27	Domingo
2022-02-28	2022	1	2	Febrero	28	Lunes
2022-03-01	2022	1	3	Marzo	1	Martes
2022-03-02	2022	1	3	Marzo	2	Miércoles
2022-03-03	2022	1	3	Marzo	3	Jueves
2022-03-04	2022	1	3	Marzo	4	Viernes
2022-03-05	2022	1	3	Marzo	5	Sábado
2022-03-06	2022	1	3	Marzo	6	Domingo
2022-03-07	2022	1	3	Marzo	7	Lunes
2022-03-08	2022	1	3	Marzo	8	Martes
2022-03-09	2022	1	3	Marzo	9	Miércoles
2022-03-10	2022	1	3	Marzo	10	Jueves
2022-03-11	2022	1	3	Marzo	11	Viernes
2022-03-12	2022	1	3	Marzo	12	Sábado
2022-03-13	2022	1	3	Marzo	13	Domingo
2022-03-14	2022	1	3	Marzo	14	Lunes
2022-03-15	2022	1	3	Marzo	15	Martes
2022-03-16	2022	1	3	Marzo	16	Miércoles
2022-03-17	2022	1	3	Marzo	17	Jueves
2022-03-18	2022	1	3	Marzo	18	Viernes
2022-03-19	2022	1	3	Marzo	19	Sábado
2022-03-20	2022	1	3	Marzo	20	Domingo
2022-03-21	2022	1	3	Marzo	21	Lunes
2022-03-22	2022	1	3	Marzo	22	Martes
2022-03-23	2022	1	3	Marzo	23	Miércoles
2022-03-24	2022	1	3	Marzo	24	Jueves
2022-03-25	2022	1	3	Marzo	25	Viernes
2022-03-26	2022	1	3	Marzo	26	Sábado
2022-03-27	2022	1	3	Marzo	27	Domingo
2022-03-28	2022	1	3	Marzo	28	Lunes
2022-03-29	2022	1	3	Marzo	29	Martes
2022-03-30	2022	1	3	Marzo	30	Miércoles
2022-03-31	2022	1	3	Marzo	31	Jueves
2022-04-01	2022	2	4	Abril	1	Viernes
2022-04-02	2022	2	4	Abril	2	Sábado
2022-04-03	2022	2	4	Abril	3	Domingo
2022-04-04	2022	2	4	Abril	4	Lunes
2022-04-05	2022	2	4	Abril	5	Martes
2022-04-06	2022	2	4	Abril	6	Miércoles
2022-04-07	2022	2	4	Abril	7	Jueves
2022-04-08	2022	2	4	Abril	8	Viernes
2022-04-09	2022	2	4	Abril	9	Sábado
2022-04-10	2022	2	4	Abril	10	Domingo
2022-04-11	2022	2	4	Abril	11	Lunes
2022-04-12	2022	2	4	Abril	12	Martes
2022-04-13	2022	2	4	Abril	13	Miércoles
2022-04-14	2022	2	4	Abril	14	Jueves
2022-04-15	2022	2	4	Abril	15	Viernes
2022-04-16	2022	2	4	Abril	16	Sábado
2022-04-17	2022	2	4	Abril	17	Domingo
2022-04-18	2022	2	4	Abril	18	Lunes
2022-04-19	2022	2	4	Abril	19	Martes
2022-04-20	2022	2	4	Abril	20	Miércoles
2022-04-21	2022	2	4	Abril	21	Jueves
2022-04-22	2022	2	4	Abril	22	Viernes
2022-04-23	2022	2	4	Abril	23	Sábado
2022-04-24	2022	2	4	Abril	24	Domingo
2022-04-25	2022	2	4	Abril	25	Lunes
2022-04-26	2022	2	4	Abril	26	Martes
2022-04-27	2022	2	4	Abril	27	Miércoles
2022-04-28	2022	2	4	Abril	28	Jueves
2022-04-29	2022	2	4	Abril	29	Viernes
2022-04-30	2022	2	4	Abril	30	Sábado
2022-05-01	2022	2	5	Mayo	1	Domingo
2022-05-02	2022	2	5	Mayo	2	Lunes
2022-05-03	2022	2	5	Mayo	3	Martes
2022-05-04	2022	2	5	Mayo	4	Miércoles
2022-05-05	2022	2	5	Mayo	5	Jueves
2022-05-06	2022	2	5	Mayo	6	Viernes
2022-05-07	2022	2	5	Mayo	7	Sábado
2022-05-08	2022	2	5	Mayo	8	Domingo
2022-05-09	2022	2	5	Mayo	9	Lunes
2022-05-10	2022	2	5	Mayo	10	Martes
2022-05-11	2022	2	5	Mayo	11	Miércoles
2022-05-12	2022	2	5	Mayo	12	Jueves
2022-05-13	2022	2	5	Mayo	13	Viernes
2022-05-14	2022	2	5	Mayo	14	Sábado
2022-05-15	2022	2	5	Mayo	15	Domingo
2022-05-16	2022	2	5	Mayo	16	Lunes
2022-05-17	2022	2	5	Mayo	17	Martes
2022-05-18	2022	2	5	Mayo	18	Miércoles
2022-05-19	2022	2	5	Mayo	19	Jueves
2022-05-20	2022	2	5	Mayo	20	Viernes
2022-05-21	2022	2	5	Mayo	21	Sábado
2022-05-22	2022	2	5	Mayo	22	Domingo
2022-05-23	2022	2	5	Mayo	23	Lunes
2022-05-24	2022	2	5	Mayo	24	Martes
2022-05-25	2022	2	5	Mayo	25	Miércoles
2022-05-26	2022	2	5	Mayo	26	Jueves
2022-05-27	2022	2	5	Mayo	27	Viernes
2022-05-28	2022	2	5	Mayo	28	Sábado
2022-05-29	2022	2	5	Mayo	29	Domingo
2022-05-30	2022	2	5	Mayo	30	Lunes
2022-05-31	2022	2	5	Mayo	31	Martes
2022-06-01	2022	2	6	Junio	1	Miércoles
2022-06-02	2022	2	6	Junio	2	Jueves
2022-06-03	2022	2	6	Junio	3	Viernes
2022-06-04	2022	2	6	Junio	4	Sábado
2022-06-05	2022	2	6	Junio	5	Domingo
2022-06-06	2022	2	6	Junio	6	Lunes
2022-06-07	2022	2	6	Junio	7	Martes
2022-06-08	2022	2	6	Junio	8	Miércoles
2022-06-09	2022	2	6	Junio	9	Jueves
2022-06-10	2022	2	6	Junio	10	Viernes
2022-06-11	2022	2	6	Junio	11	Sábado
2022-06-12	2022	2	6	Junio	12	Domingo
2022-06-13	2022	2	6	Junio	13	Lunes
2022-06-14	2022	2	6	Junio	14	Martes
2022-06-15	2022	2	6	Junio	15	Miércoles
2022-06-16	2022	2	6	Junio	16	Jueves
2022-06-17	2022	2	6	Junio	17	Viernes
2022-06-18	2022	2	6	Junio	18	Sábado
2022-06-19	2022	2	6	Junio	19	Domingo
2022-06-20	2022	2	6	Junio	20	Lunes
2022-06-21	2022	2	6	Junio	21	Martes
2022-06-22	2022	2	6	Junio	22	Miércoles
2022-06-23	2022	2	6	Junio	23	Jueves
2022-06-24	2022	2	6	Junio	24	Viernes
2022-06-25	2022	2	6	Junio	25	Sábado
2022-06-26	2022	2	6	Junio	26	Domingo
2022-06-27	2022	2	6	Junio	27	Lunes
2022-06-28	2022	2	6	Junio	28	Martes
2022-06-29	2022	2	6	Junio	29	Miércoles
2022-06-30	2022	2	6	Junio	30	Jueves
2022-07-01	2022	3	7	Julio	1	Viernes
2022-07-02	2022	3	7	Julio	2	Sábado
2022-07-03	2022	3	7	Julio	3	Domingo
2022-07-04	2022	3	7	Julio	4	Lunes
2022-07-05	2022	3	7	Julio	5	Martes
2022-07-06	2022	3	7	Julio	6	Miércoles
2022-07-07	2022	3	7	Julio	7	Jueves
2022-07-08	2022	3	7	Julio	8	Viernes
2022-07-09	2022	3	7	Julio	9	Sábado
2022-07-10	2022	3	7	Julio	10	Domingo
2022-07-11	2022	3	7	Julio	11	Lunes
2022-07-12	2022	3	7	Julio	12	Martes
2022-07-13	2022	3	7	Julio	13	Miércoles
2022-07-14	2022	3	7	Julio	14	Jueves
2022-07-15	2022	3	7	Julio	15	Viernes
2022-07-16	2022	3	7	Julio	16	Sábado
2022-07-17	2022	3	7	Julio	17	Domingo
2022-07-18	2022	3	7	Julio	18	Lunes
2022-07-19	2022	3	7	Julio	19	Martes
2022-07-20	2022	3	7	Julio	20	Miércoles
2022-07-21	2022	3	7	Julio	21	Jueves
2022-07-22	2022	3	7	Julio	22	Viernes
2022-07-23	2022	3	7	Julio	23	Sábado
2022-07-24	2022	3	7	Julio	24	Domingo
2022-07-25	2022	3	7	Julio	25	Lunes
2022-07-26	2022	3	7	Julio	26	Martes
2022-07-27	2022	3	7	Julio	27	Miércoles
2022-07-28	2022	3	7	Julio	28	Jueves
2022-07-29	2022	3	7	Julio	29	Viernes
2022-07-30	2022	3	7	Julio	30	Sábado
2022-07-31	2022	3	7	Julio	31	Domingo
2022-08-01	2022	3	8	Agosto	1	Lunes
2022-08-02	2022	3	8	Agosto	2	Martes
2022-08-03	2022	3	8	Agosto	3	Miércoles
2022-08-04	2022	3	8	Agosto	4	Jueves
2022-08-05	2022	3	8	Agosto	5	Viernes
2022-08-06	2022	3	8	Agosto	6	Sábado
2022-08-07	2022	3	8	Agosto	7	Domingo
2022-08-08	2022	3	8	Agosto	8	Lunes
2022-08-09	2022	3	8	Agosto	9	Martes
2022-08-10	2022	3	8	Agosto	10	Miércoles
2022-08-11	2022	3	8	Agosto	11	Jueves
2022-08-12	2022	3	8	Agosto	12	Viernes
2022-08-13	2022	3	8	Agosto	13	Sábado
2022-08-14	2022	3	8	Agosto	14	Domingo
2022-08-15	2022	3	8	Agosto	15	Lunes
2022-08-16	2022	3	8	Agosto	16	Martes
2022-08-17	2022	3	8	Agosto	17	Miércoles
2022-08-18	2022	3	8	Agosto	18	Jueves
2022-08-19	2022	3	8	Agosto	19	Viernes
2022-08-20	2022	3	8	Agosto	20	Sábado
2022-08-21	2022	3	8	Agosto	21	Domingo
2022-08-22	2022	3	8	Agosto	22	Lunes
2022-08-23	2022	3	8	Agosto	23	Martes
2022-08-24	2022	3	8	Agosto	24	Miércoles
2022-08-25	2022	3	8	Agosto	25	Jueves
2022-08-26	2022	3	8	Agosto	26	Viernes
2022-08-27	2022	3	8	Agosto	27	Sábado
2022-08-28	2022	3	8	Agosto	28	Domingo
2022-08-29	2022	3	8	Agosto	29	Lunes
2022-08-30	2022	3	8	Agosto	30	Martes
2022-08-31	2022	3	8	Agosto	31	Miércoles
2022-09-01	2022	3	9	Septiembre	1	Jueves
2022-09-02	2022	3	9	Septiembre	2	Viernes
2022-09-03	2022	3	9	Septiembre	3	Sábado
2022-09-04	2022	3	9	Septiembre	4	Domingo
2022-09-05	2022	3	9	Septiembre	5	Lunes
2022-09-06	2022	3	9	Septiembre	6	Martes
2022-09-07	2022	3	9	Septiembre	7	Miércoles
2022-09-08	2022	3	9	Septiembre	8	Jueves
2022-09-09	2022	3	9	Septiembre	9	Viernes
2022-09-10	2022	3	9	Septiembre	10	Sábado
2022-09-11	2022	3	9	Septiembre	11	Domingo
2022-09-12	2022	3	9	Septiembre	12	Lunes
2022-09-13	2022	3	9	Septiembre	13	Martes
2022-09-14	2022	3	9	Septiembre	14	Miércoles
2022-09-15	2022	3	9	Septiembre	15	Jueves
2022-09-16	2022	3	9	Septiembre	16	Viernes
2022-09-17	2022	3	9	Septiembre	17	Sábado
2022-09-18	2022	3	9	Septiembre	18	Domingo
2022-09-19	2022	3	9	Septiembre	19	Lunes
2022-09-20	2022	3	9	Septiembre	20	Martes
2022-09-21	2022	3	9	Septiembre	21	Miércoles
2022-09-22	2022	3	9	Septiembre	22	Jueves
2022-09-23	2022	3	9	Septiembre	23	Viernes
2022-09-24	2022	3	9	Septiembre	24	Sábado
2022-09-25	2022	3	9	Septiembre	25	Domingo
2022-09-26	2022	3	9	Septiembre	26	Lunes
2022-09-27	2022	3	9	Septiembre	27	Martes
2022-09-28	2022	3	9	Septiembre	28	Miércoles
2022-09-29	2022	3	9	Septiembre	29	Jueves
2022-09-30	2022	3	9	Septiembre	30	Viernes
2022-10-01	2022	4	10	Octubre	1	Sábado
2022-10-02	2022	4	10	Octubre	2	Domingo
2022-10-03	2022	4	10	Octubre	3	Lunes
2022-10-04	2022	4	10	Octubre	4	Martes
2022-10-05	2022	4	10	Octubre	5	Miércoles
2022-10-06	2022	4	10	Octubre	6	Jueves
2022-10-07	2022	4	10	Octubre	7	Viernes
2022-10-08	2022	4	10	Octubre	8	Sábado
2022-10-09	2022	4	10	Octubre	9	Domingo
2022-10-10	2022	4	10	Octubre	10	Lunes
2022-10-11	2022	4	10	Octubre	11	Martes
2022-10-12	2022	4	10	Octubre	12	Miércoles
2022-10-13	2022	4	10	Octubre	13	Jueves
2022-10-14	2022	4	10	Octubre	14	Viernes
2022-10-15	2022	4	10	Octubre	15	Sábado
2022-10-16	2022	4	10	Octubre	16	Domingo
2022-10-17	2022	4	10	Octubre	17	Lunes
2022-10-18	2022	4	10	Octubre	18	Martes
2022-10-19	2022	4	10	Octubre	19	Miércoles
2022-10-20	2022	4	10	Octubre	20	Jueves
2022-10-21	2022	4	10	Octubre	21	Viernes
2022-10-22	2022	4	10	Octubre	22	Sábado
2022-10-23	2022	4	10	Octubre	23	Domingo
2022-10-24	2022	4	10	Octubre	24	Lunes
2022-10-25	2022	4	10	Octubre	25	Martes
2022-10-26	2022	4	10	Octubre	26	Miércoles
2022-10-27	2022	4	10	Octubre	27	Jueves
2022-10-28	2022	4	10	Octubre	28	Viernes
2022-10-29	2022	4	10	Octubre	29	Sábado
2022-10-30	2022	4	10	Octubre	30	Domingo
2022-10-31	2022	4	10	Octubre	31	Lunes
2022-11-01	2022	4	11	Noviembre	1	Martes
2022-11-02	2022	4	11	Noviembre	2	Miércoles
2022-11-03	2022	4	11	Noviembre	3	Jueves
2022-11-04	2022	4	11	Noviembre	4	Viernes
2022-11-05	2022	4	11	Noviembre	5	Sábado
2022-11-06	2022	4	11	Noviembre	6	Domingo
2022-11-07	2022	4	11	Noviembre	7	Lunes
2022-11-08	2022	4	11	Noviembre	8	Martes